{"loglik":1447.1363987536818,"nobs_":2611,"pair copulas":{"tree0":{"pc0":{"fam":"Gumbel","ll":349.71668555920144,"nobs":2611,"npars":1.0,"par":{"data":[1.427763830930944],"shape":[1,1]},"rot":180,"vt":["c","c"]},"pc1":{"fam":"Gumbel","ll":356.0058853194563,"nobs":2611,"npars":1.0,"par":{"data":[1.4262823738574486],"shape":[1,1]},"rot":180,"vt":["c","c"]},"pc2":{"fam":"Gumbel","ll":311.84978973828584,"nobs":2611,"npars":1.0,"par":{"data":[1.392687808992632],"shape":[1,1]},"rot":180,"vt":["c","c"]},"pc3":{"fam":"Gumbel","ll":117.71306835531017,"nobs":2611,"npars":1.0,"par":{"data":[1.2016530868524433],"shape":[1,1]},"rot":180,"vt":["c","c"]}},"tree1":{"pc0":{"fam":"Gumbel","ll":86.65989161999093,"nobs":2611,"npars":1.0,"par":{"data":[1.1701825341366208],"shape":[1,1]},"rot":180,"vt":["c","c"]},"pc1":{"fam":"Gumbel","ll":124.17900636507694,"nobs":2611,"npars":1.0,"par":{"data":[1.2182891759805923],"shape":[1,1]},"rot":180,"vt":["c","c"]},"pc2":{"fam":"Frank","ll":32.154591795985105,"nobs":2611,"npars":1.0,"par":{"data":[0.9567379416395518],"shape":[1,1]},"rot":0,"vt":["c","c"]}},"tree2":{"pc0":{"fam":"Gumbel","ll":47.847068389348244,"nobs":2611,"npars":1.0,"par":{"data":[1.1186121277295804],"shape":[1,1]},"rot":180,"vt":["c","c"]},"pc1":{"fam":"Frank","ll":15.953426060694634,"nobs":2611,"npars":1.0,"par":{"data":[0.6655698334910185],"shape":[1,1]},"rot":0,"vt":["c","c"]}},"tree3":{"pc0":{"fam":"Frank","ll":5.056985550331989,"nobs":2611,"npars":1.0,"par":{"data":[0.3797666240615288],"shape":[1,1]},"rot":0,"vt":["c","c"]}}},"structure":{"array":{"d":5,"data":[[3,3,4,5],[4,4,5],[2,5],[5]],"t":4},"order":[4,3,1,2,5]},"threshold":0.0,"var_types":["c","c","c","c","c"]}