{"loglik":1341.6122484875807,"nobs_":2776,"pair copulas":{"tree0":{"pc0":{"fam":"Gumbel","ll":343.904455076412,"nobs":2776,"npars":1.0,"par":{"data":[1.4047491033216197],"shape":[1,1]},"rot":180,"vt":["c","c"]},"pc1":{"fam":"Gumbel","ll":357.4587190358184,"nobs":2776,"npars":1.0,"par":{"data":[1.4168155938563125],"shape":[1,1]},"rot":180,"vt":["c","c"]},"pc2":{"fam":"Gumbel","ll":238.8085253428269,"nobs":2776,"npars":1.0,"par":{"data":[1.3175788445296708],"shape":[1,1]},"rot":180,"vt":["c","c"]},"pc3":{"fam":"Gumbel","ll":151.49196085505497,"nobs":2776,"npars":1.0,"par":{"data":[1.2398593987829776],"shape":[1,1]},"rot":180,"vt":["c","c"]}},"tree1":{"pc0":{"fam":"Gumbel","ll":83.5763606067247,"nobs":2776,"npars":1.0,"par":{"data":[1.161242280554508],"shape":[1,1]},"rot":180,"vt":["c","c"]},"pc1":{"fam":"Frank","ll":84.77713395701525,"nobs":2776,"npars":1.0,"par":{"data":[1.5268861858508769],"shape":[1,1]},"rot":0,"vt":["c","c"]},"pc2":{"fam":"Gumbel","ll":40.31771373040922,"nobs":2776,"npars":1.0,"par":{"data":[1.098565566848658],"shape":[1,1]},"rot":180,"vt":["c","c"]}},"tree2":{"pc0":{"fam":"Frank","ll":20.546636527026042,"nobs":2776,"npars":1.0,"par":{"data":[0.7434734851423114],"shape":[1,1]},"rot":0,"vt":["c","c"]},"pc1":{"fam":"Frank","ll":16.247599571662164,"nobs":2776,"npars":1.0,"par":{"data":[0.6586072407770239],"shape":[1,1]},"rot":0,"vt":["c","c"]}},"tree3":{"pc0":{"fam":"Gaussian","ll":4.483143784631333,"nobs":2776,"npars":1.0,"par":{"data":[0.05655919826804097],"shape":[1,1]},"rot":0,"vt":["c","c"]}}},"structure":{"array":{"d":5,"data":[[3,3,4,5],[2,4,5],[4,5],[5]],"t":4},"order":[3,2,1,4,5]},"threshold":0.0,"var_types":["c","c","c","c","c"]}